Actual,Predicted
173.0,171.8997
189.0,195.52591
53.0,52.395744
161.0,160.43106
226.0,226.03934
179.0,177.76068
98.0,100.299866
44.0,44.833447
79.0,81.892715
59.0,59.08986
123.0,120.34345
54.0,53.1139
14.0,14.3981695
177.0,166.82376
230.0,228.86418
14.0,14.214661
98.0,99.40997
130.0,129.05379
158.0,158.0295
7.0,6.5578866
50.0,50.707
90.0,91.63916
25.0,22.18144
86.0,86.61739
20.0,21.217964
128.0,130.88954
105.0,105.7185
189.0,194.21553
121.0,121.475296
100.0,100.212875
25.0,27.445328
244.0,245.62894
55.0,56.421085
47.0,49.1026
133.0,133.93031
113.0,112.04395
38.0,37.879883
129.0,134.62022
11.0,10.920484
129.0,127.49407
201.0,208.45682
168.0,167.7372
146.0,144.27446
60.0,59.428368
68.0,65.3468
53.0,49.909794
78.0,76.81716
198.0,198.09134
139.0,142.47223
125.0,123.05727
11.0,12.471404
112.0,112.11283
158.0,160.96475
92.0,93.04065
69.0,68.34261
86.0,87.003586
160.0,163.53394
18.0,17.502419
30.0,30.457642
96.0,95.63787
39.0,39.528984
109.0,112.15756
90.0,91.5275
51.0,52.46331
34.0,34.407784
136.0,136.3724
231.0,228.21823
126.0,125.73333
102.0,102.67319
45.0,42.24349
125.0,125.51225
26.0,26.338078
9.0,9.250091
152.0,154.03615
32.0,33.5127
91.0,91.44736
64.0,62.409954
66.0,63.80644
44.0,46.53844
187.0,183.78821
174.0,177.86531
137.0,141.95303
90.0,92.30204
102.0,102.18559
56.0,56.623997
179.0,178.38782
125.0,123.48744
18.0,17.33203
145.0,146.92235
42.0,45.46037
41.0,40.92303
37.0,36.46332
24.0,24.163845
196.0,196.07442
5.0,5.09072
10.0,10.354052
239.0,237.45856
139.0,138.50027
186.0,184.88445
174.0,172.62297
13.0,12.157545
99.0,100.88131
188.0,186.27548
166.0,170.76375
64.0,64.78914
167.0,163.84116
37.0,36.65935
21.0,18.48479
189.0,181.40054
30.0,28.960777
111.0,108.58671
186.0,187.14494
47.0,46.43304
147.0,144.89714
56.0,55.05854
81.0,84.70103
79.0,83.43144
64.0,62.64359
14.0,15.130907
7.0,6.817484
186.0,185.7651
48.0,49.81735
43.0,42.0409
20.0,20.01454
32.0,32.33894
100.0,99.42494
47.0,46.78052
55.0,54.137985
103.0,107.76677
78.0,76.38842
60.0,61.421444
194.0,191.01106
69.0,69.15542
135.0,138.24126
104.0,107.37788
72.0,71.64592
72.0,69.23657
65.0,66.986
176.0,174.26216
23.0,23.531818
122.0,120.77386
17.0,17.170584
112.0,111.363266
42.0,40.616177
11.0,11.496727
33.0,34.45719
165.0,166.37134
83.0,83.66223
120.0,120.45638
86.0,88.24417
42.0,42.848274
82.0,79.60304
70.0,67.66932
20.0,19.084612
93.0,94.94322
55.0,55.265617
129.0,127.71467
40.0,40.127804
199.0,200.06293
40.0,39.506535
129.0,130.56601
101.0,100.412125
115.0,117.18947
139.0,141.36052
56.0,50.830738
32.0,33.16702
42.0,40.139202
133.0,130.13309
202.0,201.45667
112.0,107.91809
74.0,74.24863
76.0,80.61657
6.0,5.5044565
84.0,85.13056
15.0,16.327112
48.0,49.675648
5.0,7.7988625
61.0,63.486115
176.0,175.23311
180.0,181.30681
46.0,45.381824
83.0,78.38216
68.0,65.555786
117.0,116.022675
127.0,130.97208
84.0,79.72706
12.0,12.473115
47.0,46.31019
157.0,156.22209
6.0,5.863769
41.0,40.18682
7.0,6.7502675
158.0,157.80212
42.0,41.075928
175.0,176.41803
104.0,103.379776
6.0,6.2076144
212.0,211.71388
4.0,2.9320986
9.0,9.549153
9.0,9.557185
131.0,130.73895
22.0,22.22629
41.0,41.973152
99.0,95.91978
91.0,92.11335
149.0,148.29799
83.0,84.87244
15.0,14.295195
66.0,66.16544
62.0,61.789043
195.0,194.58904
164.0,169.81975
17.0,16.142939
51.0,51.15239
62.0,63.82255
87.0,89.25135
140.0,145.54213
40.0,40.098732
98.0,97.37055
174.0,165.15762
67.0,66.068726
137.0,137.68237
190.0,186.54005
79.0,77.67328
31.0,33.95788
66.0,64.74607
135.0,133.6161
58.0,56.504585
6.0,7.1258254
57.0,59.33781
50.0,51.6185
64.0,64.32748
79.0,76.38499
13.0,13.336122
50.0,47.8655
129.0,131.91145
19.0,17.701277
149.0,150.1397
20.0,20.933237
17.0,16.446293
193.0,192.6964
89.0,91.91
11.0,10.15244
42.0,42.639503
70.0,68.531265
45.0,43.491344
117.0,116.949326
43.0,43.794643
18.0,19.07045
53.0,54.48867
91.0,87.63654
35.0,36.788284
108.0,107.66876
113.0,113.43478
31.0,32.265907
9.0,10.065717
102.0,103.70668
136.0,134.50943
19.0,18.74072
21.0,19.149105
71.0,69.4983
52.0,52.079536
18.0,17.35941
26.0,26.538101
2.0,2.369121
57.0,59.04827
20.0,19.48942
64.0,63.303234
187.0,183.05461
100.0,100.75159
134.0,134.75995
18.0,18.840824
146.0,149.94626
22.0,21.275915
57.0,56.88116
82.0,82.23906
151.0,146.3101
7.0,7.5838513
62.0,60.11633
180.0,180.40955
105.0,103.94349
34.0,32.61441
16.0,15.773469
181.0,182.17906
45.0,47.68778
39.0,39.09897
53.0,52.97764
105.0,96.41679
52.0,50.0945
177.0,174.43945
39.0,40.305187
73.0,73.80604
45.0,44.44878
138.0,136.80032
36.0,37.159004
76.0,75.93753
128.0,132.2748
140.0,136.97783
189.0,190.10805
223.0,224.64421
4.0,5.285388
228.0,229.68243
109.0,110.07244
66.0,68.54967
141.0,139.69948
55.0,56.70847
215.0,215.27492
185.0,180.62422
143.0,148.36424
85.0,85.835144
36.0,35.097095
166.0,167.48283
82.0,83.77429
188.0,191.10333
186.0,186.00592
242.0,241.44649
165.0,160.95195
57.0,57.93649
245.0,246.48767
220.0,220.91853
82.0,85.2723
171.0,171.8579
78.0,77.14954
44.0,47.843422
12.0,10.626586
89.0,90.648544
106.0,107.03866
83.0,86.491234
71.0,72.43777
9.0,9.092508
131.0,135.59622
10.0,10.318556
91.0,94.788475
39.0,40.246746
98.0,97.399605
112.0,103.27757
158.0,156.0306
94.0,92.78624
124.0,123.373116
26.0,26.412092
216.0,219.01282
82.0,81.83182
141.0,137.67386
91.0,91.49698
12.0,12.433686
27.0,28.106922
75.0,73.94053
27.0,25.059593
170.0,177.80356
190.0,187.93117
62.0,62.552742
129.0,128.93982
58.0,59.38825
66.0,67.67847
2.0,1.3877883
163.0,162.08176
181.0,186.12201
114.0,110.40008
132.0,130.22688
76.0,74.982956
129.0,125.916306
135.0,135.61638
23.0,24.62534
166.0,164.019
32.0,31.299023
118.0,116.617516
27.0,25.370607
212.0,211.0866
132.0,132.11014
24.0,24.510962
112.0,108.54771
91.0,91.414314
132.0,129.88203
20.0,20.627644
197.0,194.06952
204.0,205.7642
205.0,206.81824
51.0,50.78716
79.0,77.72508
154.0,151.31592
25.0,23.78599
29.0,28.609142
206.0,205.60101
6.0,6.5214405
4.0,3.903244
173.0,171.71075
98.0,94.41654
118.0,116.42956
174.0,174.83499
182.0,180.10783
20.0,18.356894
113.0,114.11136
125.0,124.79802
34.0,34.27927
174.0,174.28209
95.0,96.68391
20.0,17.254276
119.0,116.96421
126.0,126.708855
82.0,85.89261
193.0,192.1697
140.0,143.37985
142.0,141.60872
112.0,111.949524
97.0,100.16678
18.0,17.795412
67.0,64.82228
167.0,168.17207
191.0,191.36894
106.0,105.43205
225.0,221.2414
7.0,8.302152
53.0,53.776505
164.0,165.48499
11.0,10.866388
55.0,54.20567
86.0,87.34561
13.0,17.823631
7.0,7.2473335
160.0,158.88307
36.0,33.863735
85.0,85.302956
72.0,70.82055
135.0,137.42137
45.0,46.1192
41.0,43.979904
9.0,9.686173
68.0,67.06552
100.0,97.77755
107.0,108.03062
218.0,217.95065
52.0,51.959934
2.0,1.8949335
177.0,174.23012
38.0,40.014545
52.0,52.431744
164.0,165.14621
48.0,48.32725
179.0,174.72267
221.0,226.59213
44.0,44.602386
47.0,46.787327
67.0,68.20459
218.0,216.75291
135.0,136.56715
166.0,165.34686
44.0,46.04652
84.0,84.64895
49.0,49.043003
102.0,104.08633
123.0,122.867676
76.0,74.47501
53.0,53.04166
34.0,35.276024
41.0,43.526505
123.0,125.004234
149.0,152.19319
176.0,174.26788
147.0,147.17355
91.0,90.95699
206.0,206.131
72.0,72.59691
108.0,107.440506
94.0,94.625465
35.0,36.498837
103.0,105.12318
56.0,56.518204
135.0,144.6669
6.0,5.9611754
93.0,92.543724
30.0,29.961014
50.0,51.215206
23.0,23.128176
177.0,176.96869
181.0,180.0521
24.0,23.998976
38.0,38.776398
25.0,23.517902
33.0,30.469088
43.0,40.334103
24.0,25.111973
191.0,185.48924
134.0,137.53369
58.0,60.34685
7.0,7.24867
3.0,3.5321093
223.0,225.20221
18.0,20.309654
8.0,8.537716
190.0,191.62695
89.0,88.1004
82.0,78.995636
47.0,46.50119
90.0,86.748055
50.0,48.860695
22.0,21.848007
17.0,16.900064
129.0,132.18974
121.0,122.67887
15.0,14.030707
114.0,115.75959
174.0,173.95804
22.0,23.901102
99.0,100.46763
20.0,19.96249
159.0,155.97467
63.0,64.63768
179.0,180.73683
120.0,119.02793
71.0,68.74341
83.0,86.17619
33.0,33.596798
50.0,48.50643
62.0,60.236893
140.0,139.45715
151.0,151.26447
7.0,6.3312874
178.0,180.53693
26.0,26.884424
62.0,61.073635
90.0,91.25895
213.0,208.93799
115.0,120.15676
99.0,97.94595
72.0,72.727356
115.0,117.61083
7.0,7.3995366
169.0,169.23549
196.0,194.7224
70.0,69.7388
122.0,124.46205
29.0,28.517515
138.0,139.97699
100.0,105.37384
107.0,107.7874
5.0,3.8441038
125.0,125.06323
62.0,60.451935
44.0,44.472652
125.0,123.60649
14.0,14.308978
138.0,140.43585
101.0,92.96571
84.0,81.31334
92.0,90.09438
18.0,18.99299
101.0,102.23141
178.0,179.69553
23.0,22.012459
49.0,48.009315
133.0,134.08589
124.0,120.34781
118.0,116.02617
76.0,77.549355
23.0,22.80572
147.0,149.43819
93.0,93.15465
213.0,212.26886
35.0,39.00439
3.0,3.2702174
26.0,23.24094
191.0,195.73683
91.0,91.646805
54.0,54.06651
154.0,153.55713
34.0,33.858547
135.0,135.72089
4.0,4.757075
30.0,30.318512
36.0,35.265686
31.0,31.92682
26.0,23.351238
179.0,179.409
52.0,53.288662
11.0,11.549879
13.0,13.238499
55.0,51.341473
26.0,26.266546
193.0,194.90654
87.0,88.56594
238.0,240.3304
91.0,92.11937
42.0,41.40934
91.0,94.731186
37.0,38.186844
111.0,110.91598
156.0,156.9722
164.0,160.20445
18.0,19.164013
156.0,153.1769
232.0,227.02814
27.0,26.883173
203.0,203.42728
74.0,74.03191
24.0,23.853334
10.0,10.234166
149.0,148.93066
144.0,144.52914
76.0,72.42909
191.0,189.59169
63.0,65.5359
238.0,239.08499
167.0,169.96573
147.0,152.9351
82.0,81.80538
124.0,121.990074
36.0,35.664814
116.0,112.456726
110.0,108.661125
61.0,59.723804
117.0,116.10093
123.0,119.89115
34.0,34.157867
21.0,21.44176
18.0,19.19768
88.0,89.45805
194.0,193.97136
27.0,27.103819
143.0,144.54218
206.0,202.29073
5.0,3.6072166
35.0,34.09944
20.0,20.77065
58.0,57.423283
63.0,69.84953
97.0,96.93478
248.0,243.55461
93.0,90.32284
96.0,95.3578
23.0,22.673101
51.0,49.632442
206.0,211.19925
79.0,75.29585
42.0,39.571564
36.0,35.806664
151.0,148.5845
110.0,110.93387
48.0,48.867992
140.0,134.58327
27.0,27.912834
30.0,29.65951
88.0,89.207634
42.0,43.120255
7.0,6.992497
184.0,184.94214
65.0,64.21394
73.0,72.03658
28.0,28.719711
83.0,83.177055
80.0,77.67358
157.0,156.7698
91.0,93.41833
8.0,7.9782248
11.0,10.824
6.0,6.4566345
109.0,110.43573
95.0,94.382065
9.0,8.465083
27.0,28.162231
12.0,12.277731
69.0,70.997604
97.0,96.61579
12.0,11.153352
87.0,82.801544
68.0,69.387215
153.0,159.89415
177.0,174.81537
69.0,70.64966
239.0,236.49321
133.0,134.98552
27.0,28.776062
103.0,103.358505
103.0,103.243195
74.0,76.23601
186.0,186.20059
19.0,18.741753
120.0,115.13499
64.0,64.723434
79.0,81.32461
3.0,2.7663693
109.0,107.47262
163.0,162.63786
11.0,10.060718
8.0,8.746449
23.0,22.360498
166.0,165.14336
62.0,62.308643
92.0,95.06329
80.0,81.790115
265.0,256.63696
17.0,16.82509
227.0,228.52141
194.0,194.12753
130.0,127.978455
51.0,51.587624
131.0,131.26163
72.0,73.56072
78.0,79.63248
102.0,102.200485
158.0,159.97113
76.0,76.557
60.0,61.24613
210.0,215.26
70.0,69.24863
25.0,26.01975
117.0,119.31532
26.0,28.422117
7.0,6.5236015
54.0,54.673965
67.0,68.50595
10.0,9.558966
46.0,44.91012
12.0,13.183679
167.0,167.89314
126.0,124.30216
10.0,11.070715
8.0,8.400767
134.0,135.60988
54.0,54.20783
103.0,104.146576
75.0,78.12823
131.0,136.55365
71.0,70.66269
112.0,114.909325
111.0,111.560104
36.0,36.224022
54.0,56.76341
181.0,186.99399
101.0,94.94876
216.0,222.27635
105.0,105.04589
6.0,6.309549
198.0,197.69574
72.0,70.73667
81.0,78.7613
48.0,49.373287
32.0,33.790478
152.0,150.72032
228.0,226.45213
135.0,137.81738
22.0,19.561787
58.0,55.82836
57.0,57.554375
47.0,44.152653
17.0,19.25643
17.0,16.077843
89.0,89.37544
216.0,212.96709
193.0,191.37914
72.0,71.14461
16.0,14.7767515
4.0,3.926883
53.0,54.019924
91.0,89.003265
27.0,27.160608
180.0,176.9367
50.0,51.738705
29.0,28.788216
115.0,114.886566
85.0,84.43555
101.0,100.23771
90.0,88.37501
84.0,86.80514
62.0,62.80788
169.0,170.37619
4.0,3.6084669
11.0,11.213849
84.0,82.900116
65.0,62.545574
7.0,7.0122705
45.0,45.803474
165.0,166.02933
5.0,3.800461
157.0,156.52147
32.0,32.115997
230.0,233.52556
112.0,109.667656
174.0,176.18872
109.0,108.26784
204.0,208.03633
163.0,165.81439
20.0,19.99884
29.0,29.471262
129.0,129.51768
20.0,19.689835
89.0,91.80462
152.0,153.43578
94.0,93.82352
11.0,11.165325
140.0,139.74217
154.0,151.80702
29.0,29.185623
29.0,29.376694
155.0,158.99779
75.0,72.8793
45.0,44.048702
114.0,113.90229
4.0,6.1538477
241.0,244.20035
77.0,78.2011
40.0,39.2994
26.0,26.339682
156.0,152.97209
4.0,4.4869375
8.0,8.6478405
79.0,81.032135
109.0,110.39271
78.0,79.94868
150.0,152.49054
74.0,75.55194
133.0,134.26668
140.0,138.32434
54.0,54.484688
67.0,66.51996
44.0,45.135906
9.0,9.770195
91.0,89.01368
57.0,57.426594
65.0,63.462547
7.0,6.8147798
135.0,135.38885
103.0,102.63036
42.0,44.290524
62.0,62.941196
141.0,141.83989
74.0,75.26497
92.0,93.00184
42.0,41.095894
15.0,13.528778
104.0,103.78091
167.0,166.62267
9.0,8.465173
33.0,32.77702
70.0,71.519424
217.0,216.56085
123.0,122.742226
199.0,198.17621
200.0,194.13249
9.0,8.877577
234.0,239.05582
20.0,17.904911
156.0,154.81172
148.0,147.425
116.0,112.157
60.0,60.009563
33.0,32.199093
4.0,3.375432
173.0,173.53978
59.0,56.066456
38.0,38.45934
202.0,200.05876
3.0,2.1500587
96.0,99.417694
49.0,51.016167
166.0,162.91434
33.0,35.37342
202.0,203.2445
82.0,80.38782
36.0,35.847355
169.0,167.24342
20.0,21.991915
93.0,94.69451
186.0,187.45186
119.0,122.33756
84.0,89.015915
6.0,6.4533973
62.0,61.64415
61.0,61.010345
125.0,122.48062
161.0,160.06174
142.0,144.89697
124.0,121.6556
160.0,158.19469
181.0,178.87267
78.0,71.611725
49.0,50.06249
25.0,23.8385
172.0,170.81302
45.0,45.429546
114.0,110.26485
113.0,114.38905
44.0,44.64341
113.0,111.68041
82.0,84.40471
57.0,59.059082
47.0,45.282112
79.0,79.409744
7.0,7.1795955
210.0,213.82195
92.0,90.03632
155.0,154.69727
96.0,96.36698
45.0,47.19774
163.0,159.69449
147.0,146.49916
91.0,89.903336
133.0,132.22702
54.0,53.315754
45.0,46.03102
138.0,139.05511
83.0,80.899376
3.0,3.040678
173.0,171.96616
35.0,34.646816
13.0,13.329715
114.0,115.27278
44.0,45.193542
59.0,62.04325
55.0,54.95384
136.0,135.66443
43.0,40.71338
166.0,166.03072
31.0,32.680286
15.0,13.541608
143.0,142.04436
157.0,151.08215
74.0,73.19786
2.0,1.8878566
95.0,94.61765
57.0,57.836628
91.0,90.766235
208.0,211.8672
287.0,273.95932
9.0,8.792901
22.0,22.753128
74.0,75.13569
198.0,199.29517
169.0,169.51189
18.0,17.20334
103.0,106.08488
143.0,140.81725
35.0,35.89341
128.0,125.66299
117.0,116.463326
42.0,39.957584
102.0,105.57644
55.0,54.078335
137.0,140.05098
223.0,216.94618
5.0,4.3860054
192.0,187.07098
15.0,15.874469
28.0,28.529314
104.0,104.154396
208.0,208.15503
147.0,147.0577
49.0,49.418247
73.0,71.64693
105.0,105.47133
87.0,85.780716
106.0,102.2768
13.0,12.46153
211.0,217.13637
150.0,151.77998
49.0,50.348873
98.0,98.80019
7.0,8.024688
144.0,147.81831
5.0,4.276523
7.0,8.002039
4.0,2.1240554
88.0,87.71091
138.0,138.83696
21.0,20.777746
99.0,99.47331
198.0,194.3591
119.0,119.67039
8.0,7.0945363
169.0,169.32016
191.0,191.97089
52.0,51.401222
138.0,137.80959
187.0,190.5902
9.0,8.525901
100.0,101.76142
106.0,106.23607
128.0,124.41875
133.0,134.22075
63.0,63.06865
42.0,43.13844
61.0,58.062714
16.0,16.355959
147.0,145.90207
61.0,63.727707
10.0,10.169832
179.0,181.19469
85.0,84.91228
55.0,54.31186
122.0,119.93613
25.0,24.443705
180.0,180.15604
172.0,171.99849
11.0,11.00454
38.0,37.37078
65.0,63.91234
49.0,49.912804
62.0,60.944965
161.0,163.95995
19.0,18.298994
49.0,49.87261
39.0,41.00935
46.0,46.811657
13.0,12.483424
37.0,37.885883
15.0,15.065932
129.0,132.025
37.0,36.42636
104.0,104.41563
61.0,60.129303
31.0,31.145016
25.0,26.809225
44.0,45.106655
156.0,155.26483
47.0,46.470028
133.0,133.71097
89.0,91.89515
163.0,162.51283
24.0,23.360521
93.0,92.89427
149.0,150.97871
73.0,74.09589
133.0,132.38304
30.0,30.072449
175.0,171.98866
196.0,200.7778
9.0,8.815261
30.0,29.82131
62.0,60.951973
206.0,201.81345
162.0,160.68301
117.0,117.122406
82.0,82.19345
171.0,168.2229
87.0,91.87855
44.0,42.60261
132.0,132.14876
83.0,82.882484
115.0,119.02968
158.0,157.64734
105.0,105.91718
167.0,168.96283
223.0,227.54233
105.0,103.3644
226.0,229.48424
137.0,136.23811
5.0,5.9124503
51.0,48.11259
19.0,18.474926
152.0,157.64685
14.0,14.156116
15.0,14.36628
83.0,85.35945
60.0,60.76448
93.0,90.66115
62.0,61.30363
98.0,99.58135
115.0,109.32107
58.0,61.633324
46.0,45.156685
9.0,8.750457
36.0,38.2585
3.0,4.092678
9.0,9.226219
76.0,76.84859
5.0,3.1162496
159.0,158.99817
39.0,38.17227
66.0,63.638374
23.0,22.659733
123.0,120.91554
12.0,12.369902
58.0,59.646103
75.0,75.21682
171.0,170.20078
56.0,55.470306
8.0,4.3330374
82.0,82.78006
44.0,42.732708
23.0,29.853468
161.0,164.89278
118.0,115.961586
55.0,54.408634
126.0,131.47319
14.0,14.4710045
49.0,47.0494
114.0,114.05289
14.0,11.826638
172.0,175.33458
119.0,118.55721
217.0,219.3171
7.0,7.944083
95.0,94.090744
81.0,81.77082
110.0,108.61439
136.0,135.16356
11.0,11.022631
88.0,87.11958
25.0,26.204782
42.0,44.1342
62.0,63.289333
65.0,61.606937
28.0,27.895105
154.0,154.57135
134.0,133.90768
24.0,26.559242
63.0,62.72478
192.0,190.79124
154.0,152.09659
129.0,130.04306
80.0,79.231224
152.0,149.74026
83.0,81.67534
62.0,61.621723
123.0,125.39221
91.0,93.37132
123.0,123.85569
172.0,171.6085
133.0,135.53992
106.0,109.1037
59.0,58.92721
35.0,32.470978
85.0,81.18674
102.0,101.284584
141.0,142.36559
197.0,197.58713
151.0,149.88089
40.0,37.38017
13.0,13.03142
91.0,87.123566
29.0,28.505981
78.0,77.160805
120.0,120.770454
151.0,149.50636
64.0,62.141884
33.0,31.547419
261.0,253.38324
200.0,200.53117
135.0,137.98923
72.0,72.02385
33.0,32.631706
137.0,137.46086
131.0,130.62578
214.0,214.34323
8.0,8.082851
22.0,21.80278
9.0,8.537128
152.0,152.39288
166.0,168.80334
32.0,31.095768
152.0,150.7386
126.0,126.43721
11.0,9.917773
76.0,76.62392
57.0,57.702816
13.0,13.428351
176.0,173.8568
102.0,100.86565
118.0,116.388306
134.0,133.44714
56.0,58.555477
157.0,157.94212
156.0,153.85048
160.0,160.5679
101.0,99.95134
100.0,101.60397
156.0,152.16203
111.0,111.077736
19.0,18.1879
51.0,53.537197
9.0,10.384468
54.0,53.211
23.0,23.169819
26.0,28.066818
136.0,137.28589
10.0,10.334587
13.0,13.204021
184.0,183.2643
77.0,75.32416
61.0,57.0643
60.0,59.80505
208.0,211.52895
4.0,3.8083525
145.0,145.72685
26.0,25.216888
75.0,74.15389
9.0,7.663254
192.0,190.54417
214.0,204.67903
106.0,106.655785
32.0,32.670803
108.0,106.61752
183.0,176.41708
88.0,87.93491
62.0,58.099945
103.0,101.10316
9.0,9.591566
151.0,146.85419
195.0,197.26555
41.0,40.696682
84.0,86.93378
264.0,262.1401
103.0,103.57499
16.0,16.3335
111.0,111.58461
40.0,39.519363
12.0,10.225605
221.0,223.45715
135.0,132.98907
55.0,55.446243
138.0,137.18005
19.0,18.534298
34.0,35.48579
13.0,12.422807
61.0,63.50188
28.0,28.242195
147.0,145.3632
119.0,115.69323
8.0,9.2742605
186.0,190.31503
54.0,57.19924
136.0,134.43874
177.0,179.86522
156.0,155.75658
69.0,71.224686
199.0,196.8176
193.0,194.00763
77.0,77.53014
72.0,73.59087
67.0,66.97685
108.0,106.66202
16.0,15.686655
75.0,74.90093
37.0,36.076496
11.0,9.591731
172.0,173.39453
136.0,137.74661
54.0,54.002186
99.0,100.42729
18.0,17.614674
193.0,192.03032
117.0,118.71379
176.0,177.52185
37.0,37.819984
7.0,5.906914
87.0,88.47507
24.0,22.938711
10.0,9.377915
8.0,8.24623
121.0,118.77301
82.0,84.335945
60.0,58.666267
28.0,28.589777
95.0,96.67594
117.0,117.59873
104.0,105.27613
209.0,208.50853
23.0,24.161087
142.0,140.78377
41.0,38.410553
41.0,44.20762
148.0,152.5995
59.0,58.519817
37.0,36.641373
47.0,44.766872
52.0,48.66829
161.0,158.87318
200.0,199.40137
49.0,48.48669
175.0,180.51349
94.0,94.76465
239.0,240.10106
236.0,242.35489
19.0,19.157722
98.0,97.69164
11.0,10.845061
130.0,131.53369
23.0,23.516495
41.0,41.155
84.0,83.53743
44.0,42.001884
12.0,12.309942
17.0,18.243448
166.0,170.31665
153.0,154.98544
53.0,53.770836
114.0,113.49032
184.0,189.19934
38.0,38.256683
60.0,60.70385
96.0,98.610374
158.0,157.03302
20.0,19.635052
183.0,183.36317
7.0,7.7911077
151.0,151.87732
53.0,50.248695
40.0,36.97356
182.0,183.19197
31.0,30.524529
55.0,53.91898
209.0,205.23167
81.0,79.27161
107.0,106.77143
143.0,140.47812
93.0,95.37188
259.0,259.75577
69.0,68.695625
191.0,190.58426
70.0,69.41079
116.0,115.78633
144.0,143.80641
37.0,38.99977
8.0,8.334812
52.0,50.818428
68.0,67.24639
14.0,12.861828
64.0,65.45109
11.0,11.861331
149.0,151.6493
14.0,14.109938
15.0,15.332389
100.0,98.61434
177.0,176.61183
130.0,127.185265
76.0,76.4006
149.0,148.93315
79.0,77.00513
2.0,3.403618
82.0,81.242615
250.0,250.7275
100.0,99.904785
157.0,155.43105
151.0,152.39018
20.0,18.768639
193.0,196.29861
39.0,40.693214
99.0,100.24893
126.0,128.40868
15.0,13.69166
8.0,8.895992
116.0,114.508545
51.0,52.932144
58.0,57.968384
81.0,85.20375
23.0,22.243374
184.0,187.29068
148.0,148.22716
63.0,63.174213
63.0,61.07181
95.0,94.41741
14.0,13.517089
29.0,29.004753
265.0,262.34555
121.0,121.99125
146.0,149.74231
145.0,146.00186
183.0,184.01555
66.0,65.49301
14.0,14.619439
90.0,91.006
170.0,176.17114
179.0,181.23126
7.0,6.551141
57.0,55.37621
78.0,76.53637
8.0,8.299096
126.0,125.43425
111.0,105.73912
110.0,107.74218
174.0,168.58063
107.0,106.47728
141.0,141.45636
40.0,38.601063
72.0,72.22717
80.0,83.24337
137.0,137.76077
32.0,32.008488
46.0,43.479378
147.0,145.77158
142.0,142.31102
17.0,17.228561
33.0,33.133053
34.0,33.900642
145.0,143.31683
48.0,46.72217
31.0,32.12375
65.0,66.40525
64.0,65.833435
104.0,101.69928
10.0,11.467419
66.0,67.25371
128.0,132.33134
82.0,81.864235
170.0,171.65736
41.0,40.068317
206.0,205.15465
99.0,99.826
93.0,94.08837
22.0,20.075155
141.0,142.81303
115.0,112.59138
212.0,216.12424
60.0,60.576744
36.0,34.617233
184.0,184.57423
115.0,113.73094
97.0,96.6575
19.0,17.904125
40.0,40.050755
121.0,120.23142
48.0,46.700565
63.0,63.379112
124.0,125.196045
146.0,147.40799
26.0,25.208256
195.0,192.19922
96.0,93.236015
259.0,258.3781
89.0,90.34642
168.0,167.64601
216.0,213.92401
76.0,75.51056
134.0,134.34613
13.0,13.331636
31.0,29.26096
151.0,150.68083
152.0,146.2277
123.0,123.139244
107.0,107.34128
130.0,125.31385
30.0,29.560276
26.0,25.729856
144.0,142.45197
30.0,30.012608
20.0,18.347809
6.0,5.6923404
101.0,101.04942
77.0,78.06343
44.0,44.033627
148.0,144.93294
38.0,37.186817
20.0,19.63131
8.0,7.5820246
137.0,136.03511
43.0,43.700497
168.0,176.51106
149.0,148.97086
45.0,44.358734
71.0,71.10785
44.0,41.378036
12.0,11.269525
67.0,65.90172
211.0,211.33232
21.0,21.554466
35.0,34.50193
131.0,131.04665
109.0,108.29886
218.0,218.33322
45.0,47.28293
23.0,23.05934
23.0,24.190065
116.0,117.00791
243.0,242.57013
63.0,64.0974
158.0,156.38435
147.0,148.29712
21.0,19.28549
71.0,64.10085
171.0,169.61151
174.0,185.7579
46.0,45.01819
233.0,233.36224
2.0,2.3856342
171.0,174.87917
18.0,17.495966
98.0,102.13379
219.0,214.63419
30.0,29.48836
104.0,100.658424
135.0,136.61995
95.0,92.077805
53.0,52.349033
82.0,81.04758
123.0,122.72306
9.0,8.994233
60.0,57.858364
195.0,187.4434
51.0,51.67635
32.0,33.013973
142.0,141.11229
76.0,79.91808
2.0,1.9997869
203.0,203.14949
131.0,130.39577
26.0,25.940659
192.0,195.90517
53.0,54.96112
132.0,133.802
132.0,135.83722
191.0,189.45203
75.0,72.85023
13.0,12.594467
52.0,48.574066
111.0,111.70333
121.0,120.54873
177.0,169.15103
102.0,101.550995
19.0,18.714571
19.0,19.417109
172.0,171.20612
99.0,97.3339
8.0,6.8692055
52.0,54.990288
165.0,168.47209
20.0,18.981716
58.0,56.265305
223.0,229.27629
78.0,80.32936
6.0,5.8203096
194.0,193.46562
53.0,52.580627
155.0,160.17975
68.0,68.70142
190.0,188.22174
36.0,36.643185
3.0,4.1388464
26.0,24.993776
7.0,7.76854
90.0,88.083466
98.0,101.0998
34.0,32.845314
106.0,106.840576
164.0,165.1837
40.0,40.68387
47.0,45.525455
5.0,5.975847
41.0,41.082405
138.0,136.35033
127.0,128.02394
29.0,30.3899
221.0,221.73964
175.0,181.10866
156.0,152.71951
25.0,23.070501
173.0,168.67444
52.0,52.872505
68.0,68.73811
76.0,75.93105
44.0,43.75666
120.0,113.49411
202.0,198.62085
295.0,276.09866
11.0,11.573184
72.0,71.8528
150.0,148.20131
10.0,10.023897
113.0,117.30498
58.0,57.422676
150.0,150.4741
151.0,147.54887
75.0,72.74899
99.0,101.43297
99.0,99.2402
15.0,13.869589
172.0,172.13252
85.0,82.33858
43.0,42.749638
23.0,22.68353
107.0,106.007385
214.0,211.04143
67.0,66.64368
26.0,27.834616
87.0,88.05858
29.0,29.706625
24.0,23.572763
194.0,193.02054
102.0,99.17679
49.0,47.809834
171.0,174.06398
42.0,43.789867
20.0,18.967567
20.0,20.207125
143.0,143.68492
97.0,95.78386
127.0,127.84815
9.0,8.789901
76.0,75.48628
99.0,98.44358
27.0,27.556229
161.0,160.73094
100.0,99.20547
19.0,17.317064
93.0,95.85511
17.0,17.220554
73.0,72.97893
83.0,80.45269
26.0,26.83856
132.0,132.04765
212.0,213.76413
157.0,162.69023
208.0,208.11183
150.0,149.42163
3.0,3.3031833
46.0,47.874237
161.0,160.95872
167.0,170.3656
93.0,92.671524
71.0,71.64365
57.0,56.194527
56.0,56.04875
95.0,95.53467
135.0,132.55435
8.0,8.146432
11.0,10.911345
29.0,28.994612
11.0,11.263748
31.0,32.185177
183.0,183.97134
103.0,102.05389
8.0,8.279511
200.0,199.24098
123.0,119.889404
95.0,92.69265
142.0,141.62729
54.0,52.92275
104.0,101.83365
240.0,231.63383
64.0,67.05499
90.0,93.931305
221.0,217.77307
20.0,19.84131
9.0,9.373545
4.0,3.8110127
128.0,126.29062
111.0,110.49296
119.0,119.84482
3.0,3.191566
113.0,113.232086
159.0,157.10353
149.0,148.48993
173.0,173.5052
52.0,52.90947
139.0,136.96396
170.0,167.63954
27.0,29.033281
42.0,43.17261
132.0,131.87909
49.0,48.510582
179.0,181.93666
191.0,195.22614
146.0,145.95361
16.0,16.629837
121.0,120.557365
212.0,208.96526
201.0,194.7997
73.0,73.75692
5.0,6.048979
17.0,15.137352
63.0,61.477493
14.0,13.340484
206.0,207.68251
57.0,57.218334
34.0,34.018124
116.0,114.4355
73.0,74.51646
26.0,25.605877
116.0,116.2109
57.0,57.76793
130.0,130.42816
17.0,17.397219
178.0,177.74422
21.0,20.707842
36.0,36.70229
32.0,32.503296
37.0,38.73894
61.0,60.824444
119.0,117.7872
43.0,43.768772
91.0,90.242256
3.0,2.3828802
52.0,55.308865
66.0,63.649517
147.0,146.24556
3.0,2.3465788
35.0,31.47793
52.0,53.478363
19.0,18.83953
60.0,61.896267
78.0,73.648315
111.0,113.01336
190.0,193.79027
7.0,8.462433
55.0,54.715538
73.0,71.4883
121.0,120.73668
148.0,151.93776
25.0,24.636845
70.0,74.464966
134.0,139.17863
38.0,37.804226
36.0,37.017838
124.0,123.83931
14.0,13.025088
12.0,11.866203
78.0,76.68359
135.0,134.80309
6.0,6.6909676
58.0,57.745205
171.0,170.37617
207.0,201.29529
29.0,28.996181
37.0,39.460514
25.0,23.173626
31.0,31.754654
85.0,85.39654
112.0,113.770256
120.0,120.84001
111.0,111.27995
189.0,193.0794
116.0,113.85141
17.0,17.505932
23.0,22.771297
207.0,207.62181
100.0,101.39403
27.0,27.165468
4.0,3.6374965
49.0,46.324806
170.0,172.57956
103.0,104.63226
13.0,11.512531
110.0,110.040085
56.0,56.281853
31.0,33.116104
92.0,86.828224
28.0,26.42007
95.0,96.28498
61.0,59.508667
6.0,7.1600423
223.0,220.92065
12.0,10.84282
241.0,235.99115
32.0,30.068354
151.0,154.49292
176.0,170.23862
129.0,126.08879
26.0,25.779808
120.0,117.68336
119.0,118.49922
175.0,176.32007
14.0,13.158108
11.0,10.862923
170.0,169.34041
184.0,183.7444
82.0,83.27346
35.0,34.568253
140.0,139.7597
116.0,116.59933
137.0,138.13858
8.0,7.445262
182.0,179.73022
159.0,160.60628
55.0,56.39998
162.0,162.85791
124.0,123.19117
98.0,97.983185
13.0,12.240345
21.0,19.39387
193.0,194.28209
18.0,16.812962
45.0,46.313366
145.0,146.6851
104.0,103.40319
160.0,160.3514
4.0,3.3743942
122.0,122.94648
181.0,180.64545
50.0,47.77406
182.0,190.90851
50.0,48.722523
9.0,10.412723
21.0,21.30847
48.0,46.099136
179.0,180.46935
95.0,94.315834
24.0,24.47791
81.0,80.20303
12.0,12.305972
175.0,175.36472
209.0,207.5128
79.0,77.73292
34.0,33.55794
168.0,163.81265
177.0,176.441
162.0,161.90149
40.0,40.139595
55.0,55.92635
29.0,32.204094
116.0,113.08637
205.0,203.24683
24.0,23.82101
10.0,13.050096
87.0,86.90505
115.0,116.87251
4.0,5.4155755
24.0,23.324547
7.0,6.796495
46.0,46.03013
14.0,14.108444
201.0,199.53133
67.0,63.1017
178.0,172.46408
22.0,22.156141
9.0,9.349855
22.0,21.045046
28.0,29.8798
31.0,32.21586
179.0,179.32823
111.0,120.02088
120.0,118.73011
157.0,153.57121
171.0,165.86836
53.0,51.76083
175.0,171.70084
260.0,263.38522
164.0,167.79843
69.0,68.83476
211.0,214.00313
20.0,19.776165
185.0,183.59837
48.0,49.35906
16.0,16.480633
27.0,28.531929
54.0,53.525105
100.0,100.17422
201.0,198.23341
20.0,20.85162
118.0,115.476585
31.0,33.566826
31.0,31.060402
78.0,77.79905
72.0,70.17213
197.0,199.7796
67.0,71.43469
11.0,10.805825
66.0,61.625137
127.0,131.27226
88.0,87.06435
187.0,185.83493
84.0,84.40941
9.0,9.258619
66.0,66.07624
169.0,169.24428
25.0,27.427797
115.0,112.50066
26.0,27.404484
48.0,47.85921
22.0,22.687805
86.0,81.70332
168.0,166.5066
106.0,103.484184
5.0,3.397633
198.0,193.05109
109.0,109.20336
40.0,40.252663
8.0,7.732033
125.0,126.85198
93.0,92.125175
12.0,11.967538
8.0,8.277361
208.0,199.33144
166.0,170.1022
178.0,177.27802
12.0,10.860764
98.0,100.21483
85.0,87.297455
30.0,29.931004
48.0,47.923195
147.0,146.0145
59.0,60.106373
178.0,176.73332
169.0,166.62206
109.0,107.683685
110.0,110.413155
86.0,87.88287
148.0,145.81874
11.0,12.168942
99.0,99.4699
210.0,206.36128
120.0,119.852264
181.0,186.02797
28.0,28.501688
114.0,121.53715
87.0,84.97495
132.0,132.46252
176.0,180.41759
55.0,55.60986
135.0,129.49242
71.0,70.50547
106.0,106.20105
216.0,216.74742
140.0,139.87569
157.0,157.15123
49.0,48.378094
13.0,13.7452755
12.0,12.501155
21.0,20.970884
152.0,151.60225
26.0,25.180536
29.0,29.008028
182.0,181.26257
60.0,57.785755
16.0,14.663395
66.0,63.94081
9.0,9.697482
62.0,61.16603
140.0,134.99666
121.0,120.28768
38.0,38.28966
127.0,126.758675
81.0,80.29838
214.0,211.3163
160.0,160.68205
202.0,205.53134
159.0,160.81682
158.0,159.30736
13.0,13.060073
59.0,58.860687
21.0,20.844456
144.0,144.81125
176.0,175.98729
156.0,153.84885
164.0,166.68736
9.0,8.156055
101.0,100.52276
4.0,4.7351756
108.0,107.59618
153.0,147.21216
106.0,105.0737
26.0,25.79727
151.0,151.28862
125.0,121.18525
19.0,19.470812
42.0,42.24197
125.0,127.52947
31.0,31.911432
35.0,35.00784
193.0,190.37405
19.0,21.940086
68.0,67.68829
54.0,55.52755
90.0,88.844765
192.0,189.43333
44.0,45.38317
31.0,28.992487
90.0,88.007256
238.0,242.30244
58.0,53.283955
16.0,16.750546
84.0,84.48907
54.0,54.047253
40.0,41.57381
66.0,64.47266
149.0,151.88425
18.0,16.410025
20.0,18.728683
23.0,23.279446
19.0,19.555784
201.0,198.13084
17.0,16.952
90.0,90.69637
223.0,223.58827
26.0,24.792706
176.0,173.25569
25.0,27.04072
9.0,9.312185
182.0,181.96033
145.0,143.94766
17.0,16.484676
62.0,64.22546
141.0,143.75339
76.0,74.870316
163.0,161.18178
211.0,215.24434
56.0,55.24535
242.0,237.49345
125.0,124.9319
11.0,11.459274
36.0,39.682877
74.0,73.00367
88.0,89.3643
31.0,32.315254
34.0,33.32982
31.0,30.610167
50.0,50.58414
173.0,170.9983
139.0,138.6454
131.0,132.08716
87.0,89.15242
131.0,128.032
21.0,19.396706
164.0,166.8759
80.0,79.12634
47.0,46.06107
31.0,29.942139
158.0,162.65468
10.0,11.889461
22.0,21.957754
198.0,201.86679
152.0,150.9726
60.0,59.634403
245.0,255.48311
177.0,180.31883
54.0,53.949154
49.0,49.90784
96.0,94.22463
166.0,164.05106
159.0,163.00903
48.0,47.01751
83.0,84.27098
92.0,90.348946
51.0,54.258297
158.0,152.61111
77.0,75.0676
29.0,29.654076
158.0,161.29984
148.0,147.45303
208.0,200.14444
76.0,78.99644
72.0,77.13244
13.0,12.722875
26.0,26.418709
72.0,71.81888
7.0,7.6991935
100.0,97.610535
19.0,18.089415
4.0,3.5598536
79.0,83.34952
18.0,17.750786
54.0,52.576393
218.0,220.57433
5.0,5.496713
42.0,41.33728
19.0,18.295437
89.0,83.26956
95.0,96.460396
37.0,38.63144
85.0,87.34326
23.0,23.06935
247.0,242.43425
109.0,106.564445
13.0,13.649458
113.0,112.419975
23.0,21.790909
106.0,105.69577
58.0,58.73903
98.0,95.688354
140.0,133.34988
103.0,102.79057
143.0,142.35573
37.0,35.657608
164.0,163.03625
215.0,213.71008
178.0,176.44218
163.0,163.21696
27.0,27.348785
31.0,30.675713
74.0,71.875885
34.0,33.88934
136.0,138.35754
49.0,50.44912
111.0,112.1122
124.0,122.660416
81.0,82.51465
158.0,158.52148
148.0,150.03099
76.0,78.28349
103.0,103.08368
73.0,75.22942
157.0,152.35162
101.0,102.16509
82.0,84.24417
79.0,80.00067
53.0,56.2594
113.0,116.32048
210.0,210.89967
178.0,176.20638
20.0,19.91016
33.0,34.086082
18.0,20.736723
116.0,117.522964
29.0,29.2224
7.0,7.1585274
235.0,240.20334
86.0,88.6909
21.0,21.25769
96.0,95.47578
85.0,83.33286
34.0,34.980667
12.0,11.862076
71.0,71.65942
78.0,77.55842
12.0,11.701424
49.0,47.018753
19.0,20.095957
207.0,205.10083
4.0,3.3101187
121.0,118.913445
112.0,114.32479
32.0,32.523457
90.0,90.78027
13.0,14.216805
176.0,175.16495
72.0,69.07242
38.0,40.292686
101.0,103.530365
192.0,185.35608
211.0,216.81128
31.0,30.938309
107.0,103.66739
57.0,56.676792
105.0,101.03138
23.0,22.365005
44.0,43.282738
155.0,152.91844
114.0,114.04384
56.0,54.404045
108.0,108.01873
33.0,32.794685
3.0,3.133661
153.0,155.73265
238.0,233.63719
68.0,69.246475
14.0,14.355813
6.0,5.7743397
110.0,109.10253
252.0,251.39339
78.0,76.81438
126.0,126.11837
4.0,4.701678
74.0,74.10768
71.0,70.95102
2.0,1.6058396
15.0,15.159685
65.0,65.318436
185.0,189.75371
95.0,99.531586
206.0,205.49898
87.0,88.256454
5.0,5.065884
228.0,225.67155
143.0,142.88644
221.0,219.97293
23.0,22.530838
53.0,54.175415
197.0,190.47987
5.0,4.111199
150.0,150.22314
11.0,10.852615
134.0,140.86424
53.0,53.928425
147.0,146.56813
88.0,85.23679
41.0,41.167046
27.0,27.80346
70.0,69.46879
70.0,71.70665
73.0,71.84595
11.0,11.895047
48.0,49.943066
155.0,154.75461
217.0,210.96721
11.0,12.411873
103.0,102.637436
157.0,155.63019
36.0,35.77609
25.0,23.9686
94.0,95.866974
169.0,169.84618
121.0,121.63751
5.0,6.4864063
100.0,97.98279
103.0,104.34637
99.0,101.85815
9.0,9.585224
147.0,147.22365
203.0,202.1556
6.0,5.4231114
69.0,69.945076
166.0,166.17273
95.0,97.191826
193.0,192.43042
154.0,148.38477
15.0,14.005632
135.0,137.693
27.0,26.080591
116.0,115.967606
151.0,153.07518
93.0,91.521
140.0,135.162
32.0,30.415173
115.0,112.81642
171.0,180.40485
111.0,106.02217
18.0,18.539124
108.0,107.81764
213.0,212.48819
156.0,155.29999
60.0,60.152378
71.0,69.770035
88.0,88.03613
52.0,53.619118
54.0,54.53775
146.0,152.31845
126.0,126.07578
132.0,125.92107
58.0,58.39349
64.0,61.356335
164.0,168.33981
17.0,17.200722
161.0,157.08165
126.0,125.483795
120.0,120.21388
38.0,36.25154
48.0,47.60381
21.0,21.971287
65.0,63.07122
48.0,47.995945
174.0,173.1038
9.0,9.657103
120.0,125.938286
67.0,65.51445
179.0,176.85645
105.0,105.61745
43.0,42.942
66.0,65.98571
120.0,120.413345
110.0,109.57806
161.0,163.32216
200.0,194.63048
61.0,60.71399
83.0,82.551094
69.0,68.04066
49.0,48.13979
77.0,77.69579
44.0,42.982708
13.0,12.821804
127.0,128.38737
162.0,163.54622
31.0,32.751415
146.0,147.83292
147.0,147.32573
128.0,126.710045
216.0,218.1196
19.0,19.114243
12.0,11.661879
16.0,16.654282
23.0,23.990372
95.0,93.06025
92.0,91.35301
189.0,190.71835
38.0,37.050343
130.0,127.44794
18.0,16.902851
47.0,47.35574
16.0,17.01509
124.0,121.289955
6.0,5.751754
198.0,196.66565
21.0,21.734715
109.0,108.31999
211.0,216.75146
13.0,12.219689
97.0,96.749
155.0,155.52783
58.0,57.490578
124.0,120.94705
189.0,191.52377
142.0,144.70529
86.0,84.663704
186.0,185.43434
191.0,196.3428
38.0,37.98243
66.0,66.74743
55.0,56.231003
91.0,91.94842
65.0,64.9838
182.0,182.3043
183.0,183.82762
100.0,97.89637
20.0,20.458616
48.0,47.629738
107.0,103.98468
55.0,54.923588
181.0,180.98274
22.0,20.030075
196.0,197.83765
40.0,40.431087
197.0,197.4036
4.0,3.8491836
54.0,52.623783
29.0,29.554893
137.0,135.02354
161.0,161.80316
42.0,42.21609
47.0,47.789368
172.0,170.7455
83.0,82.5362
152.0,156.07883
30.0,29.271732
30.0,29.220356
126.0,124.64309
169.0,169.51762
56.0,59.465683
34.0,29.194212
173.0,173.85359
28.0,29.796478
204.0,205.93092
113.0,111.87844
22.0,20.113232
156.0,155.62202
105.0,107.67641
139.0,138.14539
133.0,138.90376
156.0,156.71773
153.0,153.64311
58.0,60.863483
156.0,155.27992
130.0,130.00143
159.0,159.0225
14.0,15.3648405
164.0,168.8936
24.0,23.815315
91.0,90.86465
13.0,12.118319
210.0,207.09866
41.0,41.00081
49.0,47.485493
100.0,98.647575
14.0,12.150816
44.0,42.332104
106.0,103.634796
95.0,98.76301
62.0,61.932034
97.0,98.31495
176.0,176.65535
21.0,20.320892
41.0,39.61526
205.0,204.12105
120.0,119.57682
105.0,106.23858
250.0,259.5471
135.0,133.78297
158.0,159.19095
181.0,182.21721
17.0,16.222332
123.0,123.214226
54.0,52.873684
2.0,1.6296707
24.0,24.42188
22.0,22.769485
177.0,179.72978
28.0,28.737661
20.0,19.038815
166.0,166.67587
23.0,22.83564
103.0,103.66622
223.0,223.25351
227.0,230.3917
109.0,109.2489
97.0,97.821106
158.0,162.71057
152.0,147.36412
91.0,92.24589
21.0,21.23687
47.0,49.88061
17.0,17.269274
21.0,21.349733
11.0,11.093053
15.0,16.888222
16.0,17.585379
171.0,171.0426
49.0,48.33666
13.0,13.248878
169.0,168.7598
75.0,75.84642
52.0,50.37171
172.0,169.15645
140.0,141.82703
149.0,148.88065
67.0,64.733955
65.0,66.709236
10.0,10.239942
187.0,188.90811
146.0,144.61969
111.0,111.060196
33.0,32.279556
90.0,90.44005
27.0,28.172663
85.0,81.80652
148.0,151.16202
90.0,88.224075
24.0,24.2406
178.0,179.91501
4.0,3.525075
167.0,166.73186
61.0,62.24785
65.0,64.46576
62.0,61.247208
197.0,198.67772
18.0,18.00426
134.0,135.84177
183.0,184.91788
10.0,9.484997
177.0,180.70268
14.0,17.044962
50.0,51.53447
151.0,151.35469
18.0,17.119112
98.0,96.70553
98.0,99.44857
127.0,131.26222
28.0,28.161009
116.0,116.782684
34.0,33.540176
112.0,110.118576
14.0,13.115215
118.0,114.229576
10.0,11.296689
4.0,4.299071
140.0,140.3561
155.0,155.77539
180.0,181.57019
76.0,76.49387
63.0,62.626816
64.0,62.708477
13.0,12.28828
159.0,155.69199
192.0,183.82272
39.0,42.967434
133.0,128.74968
10.0,9.680648
30.0,28.041319
116.0,118.87565
108.0,106.679855
8.0,9.450235
47.0,45.13421
97.0,99.877754
105.0,103.89345
88.0,89.0125
116.0,115.81757
36.0,34.069653
15.0,15.692569
90.0,92.3713
192.0,192.96906
126.0,126.3278
10.0,9.999555
259.0,254.56198
150.0,147.30318
98.0,97.48665
266.0,261.48062
56.0,54.369396
171.0,170.25565
42.0,41.515465
136.0,133.03197
108.0,108.023834
27.0,27.430779
98.0,99.73095
3.0,3.0799298
12.0,13.927774
195.0,188.32114
239.0,236.82748
29.0,27.614534
96.0,97.0058
68.0,70.38469
140.0,141.30138
14.0,14.146191
111.0,111.64449
91.0,92.49521
68.0,69.56502
115.0,111.47064
227.0,227.6799
31.0,28.134937
17.0,16.481564
67.0,67.600334
52.0,53.730095
105.0,106.29343
205.0,202.89252
109.0,109.46308
3.0,3.1847074
30.0,29.660105
74.0,71.97489
10.0,9.86187
59.0,57.902805
229.0,244.87317
2.0,1.3120862
60.0,59.824318
42.0,41.69126
149.0,149.0862
198.0,198.20467
59.0,60.71467
86.0,86.2581
157.0,154.87134
77.0,77.364456
127.0,130.48042
155.0,156.80716
144.0,148.48862
25.0,23.937035
117.0,116.76035
32.0,32.875122
76.0,76.13367
49.0,47.426147
206.0,203.98228
223.0,224.28381
13.0,13.115619
249.0,243.5764
65.0,67.27842
54.0,54.918365
77.0,78.83681
50.0,47.594303
82.0,85.19887
16.0,15.2600355
48.0,46.295795
29.0,28.254725
76.0,76.67447
36.0,35.56835
22.0,20.590136
34.0,33.784966
168.0,172.48439
15.0,14.746034
42.0,41.573833
46.0,46.933266
165.0,167.82346
6.0,6.279038
136.0,135.57932
112.0,112.11295
88.0,85.65095
82.0,82.31546
172.0,166.01411
22.0,23.85242
44.0,45.54152
61.0,61.872463
44.0,42.67399
113.0,111.77374
31.0,34.238216
108.0,107.97786
3.0,2.8736126
45.0,45.02463
37.0,38.99342
36.0,36.750927
23.0,21.997374
51.0,51.37736
158.0,161.06754
198.0,200.04816
86.0,85.07446
19.0,18.040834
172.0,172.69435
33.0,32.237957
51.0,48.73787
81.0,84.2762
152.0,148.726
50.0,49.641125
101.0,101.80422
120.0,124.055016
200.0,203.06914
134.0,133.16792
169.0,167.70435
40.0,40.66908
194.0,194.48285
104.0,105.81481
58.0,58.947823
126.0,124.380585
89.0,90.42406
104.0,102.9477
74.0,74.144264
114.0,113.51629
49.0,48.978523
157.0,158.73212
6.0,5.860577
136.0,139.07368
218.0,224.38206
84.0,83.60068
138.0,135.93633
48.0,49.25252
31.0,28.331537
46.0,44.553757
100.0,97.06023
16.0,16.863058
137.0,136.78961
46.0,44.29241
81.0,78.0239
102.0,98.67334
25.0,24.636187
26.0,27.002071
35.0,35.430927
102.0,107.22099
94.0,93.75964
47.0,46.845127
29.0,28.552662
105.0,104.86726
70.0,69.29716
78.0,78.02868
201.0,198.34886
210.0,207.59013
55.0,53.637028
129.0,129.41069
25.0,25.34352
134.0,132.76163
157.0,156.22636
210.0,212.2875
166.0,165.36954
68.0,66.62848
100.0,100.24694
14.0,14.569308
23.0,24.4773
103.0,101.81893
18.0,17.365488
137.0,139.01569
179.0,177.8993
33.0,33.512604
147.0,144.07697
24.0,21.034124
186.0,183.3303
106.0,105.82671
108.0,107.24138
10.0,10.013355
31.0,30.114187
107.0,104.956345
196.0,196.06514
18.0,17.046759
7.0,7.1279416
45.0,40.49945
15.0,14.728922
92.0,91.359825
159.0,159.40533
52.0,52.04779
193.0,195.45078
134.0,128.75569
101.0,101.923164
113.0,112.18844
15.0,14.04643
94.0,95.37936
65.0,64.14285
22.0,21.67997
181.0,180.51402
238.0,236.28008
168.0,167.9642
108.0,103.91918
115.0,113.43031
95.0,93.949554
149.0,147.85416
22.0,22.964415
172.0,167.23233
92.0,100.26997
40.0,43.9502
77.0,75.72728
78.0,78.33341
8.0,7.471546
147.0,149.02403
50.0,49.728752
48.0,44.73003
12.0,12.00117
195.0,195.71297
22.0,22.499922
12.0,12.709725
105.0,105.29516
22.0,22.270481
90.0,88.38719
180.0,180.97626
119.0,122.36954
154.0,152.91081
14.0,14.082066
54.0,53.75152
67.0,68.66489
61.0,59.143444
204.0,204.69565
137.0,139.87543
134.0,145.93901
138.0,136.3871
44.0,43.247505
150.0,147.20615
82.0,88.04403
12.0,11.4486885
182.0,180.82251
102.0,100.852234
29.0,28.885078
27.0,27.121746
25.0,26.398258
203.0,202.70232
36.0,36.156456
94.0,95.927086
73.0,71.74508
53.0,52.96756
70.0,71.38151
69.0,65.71429
76.0,73.41294
11.0,10.983728
115.0,116.71358
13.0,13.3301525
16.0,16.263412
84.0,86.156876
178.0,177.51128
109.0,109.36546
49.0,48.80128
184.0,183.689
216.0,216.4928
64.0,66.92504
23.0,22.344591
102.0,99.873695
45.0,44.399754
26.0,24.563736
10.0,9.834043
165.0,164.13583
97.0,93.88356
29.0,29.613274
189.0,191.35086
151.0,147.42053
84.0,82.28647
67.0,66.40051
30.0,29.479862
158.0,162.20898
8.0,8.3623295
84.0,81.49128
130.0,125.90073
20.0,20.517746
15.0,14.116273
171.0,172.70103
13.0,13.285953
7.0,7.3934956
167.0,169.81679
86.0,86.52847
69.0,67.21333
32.0,31.798698
53.0,53.57086
223.0,222.57402
69.0,69.72829
140.0,141.56966
178.0,174.60323
53.0,51.9935
81.0,80.651566
56.0,56.57351
171.0,172.54771
79.0,81.786255
152.0,157.97568
22.0,22.226748
20.0,20.174805
7.0,6.356285
146.0,148.44626
26.0,24.910706
190.0,190.78282
172.0,169.49643
243.0,241.64578
116.0,117.184326
6.0,6.5759215
89.0,90.076744
163.0,162.59622
121.0,117.746315
171.0,170.15741
63.0,58.97012
30.0,28.840694
53.0,52.814064
22.0,23.067745
140.0,135.72629
25.0,25.798332
140.0,141.38225
175.0,170.77318
9.0,8.789864
54.0,54.62743
23.0,21.819199
3.0,3.186074
41.0,40.11028
166.0,168.575
131.0,127.17669
9.0,9.072129
206.0,208.59012
6.0,6.0067496
199.0,197.58832
58.0,55.745895
141.0,138.0994
54.0,53.458324
6.0,6.25475
41.0,41.04267
140.0,138.2451
97.0,95.38829
35.0,35.93754
16.0,15.278293
69.0,68.575386
102.0,102.13421
17.0,16.334433
189.0,189.7109
157.0,155.99239
209.0,206.21983
25.0,24.791872
169.0,167.79196
91.0,95.20867
104.0,105.23271
56.0,55.55428
111.0,109.76988
15.0,13.495204
170.0,172.86707
157.0,154.82356
98.0,98.471275
157.0,156.41588
26.0,24.008066
163.0,163.30627
68.0,65.40411
20.0,20.19185
13.0,12.8228245
67.0,66.48958
32.0,30.22882
38.0,36.732258
34.0,33.9619
104.0,105.72667
35.0,35.511013
1.0,0.9679878
219.0,223.27495
159.0,160.07451
72.0,72.89948
56.0,56.068092
26.0,26.019016
108.0,108.5133
31.0,29.435146
137.0,139.82039
140.0,142.25822
137.0,135.13326
203.0,202.24248
130.0,126.13158
120.0,124.07857
103.0,98.56439
70.0,71.17902
189.0,188.83006
4.0,4.357474
43.0,42.50302
134.0,132.1911
26.0,26.604849
94.0,94.49667
108.0,107.00875
87.0,86.26614
255.0,252.0383
163.0,163.48328
7.0,7.233815
6.0,6.005503
67.0,69.587906
201.0,200.45209
69.0,68.59
132.0,132.82419
3.0,2.8864565
21.0,19.408367
36.0,35.25719
111.0,112.72321
54.0,55.847656
184.0,178.97083
69.0,69.43751
63.0,64.26641
20.0,20.289087
168.0,168.75911
104.0,103.96709
126.0,127.49213
230.0,225.97148
17.0,17.047403
31.0,33.071564
34.0,33.34825
81.0,81.582115
18.0,16.85101
14.0,13.619086
32.0,33.20981
24.0,23.414526
62.0,61.752384
12.0,11.040427
51.0,52.092384
69.0,69.15501
34.0,34.25679
168.0,169.89049
142.0,140.75981
17.0,16.765522
151.0,150.35165
87.0,89.4137
205.0,214.3501
81.0,77.28203
75.0,75.138214
112.0,111.49418
1.0,1.1214521
26.0,25.642324
6.0,5.765372
196.0,195.9403
173.0,173.33406
97.0,96.08976
36.0,38.464924
37.0,37.018642
114.0,115.29876
34.0,33.625523
113.0,113.4968
108.0,107.403534
10.0,10.108029
155.0,152.37366
115.0,117.769516
51.0,52.825413
16.0,14.463501
27.0,28.410936
177.0,175.99803
109.0,106.87844
170.0,171.0491
260.0,265.22528
123.0,124.587006
55.0,54.04694
155.0,155.7419
64.0,63.574665
28.0,27.379236
59.0,58.158146
215.0,216.20403
44.0,41.54356
42.0,41.33009
44.0,43.64725
62.0,61.655083
14.0,15.325208
60.0,60.13836
139.0,138.44925
86.0,84.6337
68.0,68.186485
9.0,8.176856
106.0,104.71698
15.0,14.195945
3.0,3.2891743
211.0,216.23163
85.0,81.91405
203.0,202.10861
35.0,34.4151
179.0,176.89948
32.0,31.428083
140.0,139.78609
102.0,103.07869
45.0,45.61302
169.0,170.95294
46.0,45.1466
199.0,198.03929
210.0,210.2014
158.0,156.22038
185.0,186.61841
165.0,165.76857
55.0,54.63653
153.0,153.47879
76.0,74.602425
185.0,182.21117
81.0,78.59057
114.0,115.50514
124.0,122.67321
106.0,103.12809
12.0,12.017685
94.0,94.53833
122.0,122.33024
5.0,5.2902236
111.0,115.92544
16.0,15.731191
155.0,150.87947
51.0,48.69879
61.0,58.24206
122.0,125.305405
148.0,149.50056
5.0,4.648569
88.0,88.37541
116.0,117.58915
14.0,13.523971
91.0,91.27183
147.0,147.5266
15.0,16.15986
106.0,110.609634
96.0,92.10703
201.0,202.53238
22.0,20.164001
152.0,148.73108
57.0,58.171963
125.0,124.61516
175.0,170.44594
85.0,84.48328
95.0,93.18532
111.0,112.80577
12.0,12.520495
24.0,24.618872
48.0,45.998844
181.0,180.54514
23.0,22.564308
124.0,118.025246
57.0,57.995125
14.0,12.968795
125.0,125.76654
7.0,7.7979255
160.0,158.67485
164.0,160.85477
59.0,57.387486
173.0,171.21098
165.0,166.39133
34.0,34.77223
212.0,213.78224
7.0,6.9697633
137.0,132.71245
186.0,186.24973
53.0,56.102436
120.0,121.075264
20.0,19.365414
214.0,213.1955
